Software,Version,Dependent Toolchain,Module Load Command
zlib,.1.3.1,-,`module load zlib/.1.3.1`
zlib,.1.2.13,-,`module load zlib/.1.2.13`
ffnvcodec,12.2.72.0,-,`module load ffnvcodec/12.2.72.0`
ffnvcodec,13.0.19.0,-,`module load ffnvcodec/13.0.19.0`
Perl,5.38.0,-,`module load Perl/5.38.0`
M4,1.4.19,-,`module load M4/1.4.19`
Altair,2023,-,`module load Altair/2023`
CUDA,12.6.0,-,`module load CUDA/12.6.0`
CUDA,12.8.0,-,`module load CUDA/12.8.0`
gettext,0.22.5,-,`module load gettext/0.22.5`
cuDNN,9.5.0.50-CUDA-12.6.0,-,`module load cuDNN/9.5.0.50-CUDA-12.6.0`
NVHPC,25.3-CUDA-12.8.0,-,`module load NVHPC/25.3-CUDA-12.8.0`
Bison,3.8.2,-,`module load Bison/3.8.2`
intel,2024a,-,`module load intel/2024a`
intel,2025a,-,`module load intel/2025a`
ParaView,5.11.2-egl,-,`module load ParaView/5.11.2-egl`
ParaView,5.11.2-osmesa,-,`module load ParaView/5.11.2-osmesa`
flex,2.6.4,-,`module load flex/2.6.4`
Miniforge3,24.11.3-0,-,`module load Miniforge3/24.11.3-0`
foss,2024a,-,`module load foss/2024a`
foss,2025a,-,`module load foss/2025a`
EasyBuild,5.1.1,-,`module load EasyBuild/5.1.1`
Avogadro2,1.97.0-linux-x86_64,-,`module load Avogadro2/1.97.0-linux-x86_64`
imkl,2025.1.0,-,`module load imkl/2025.1.0`
imkl,2024.2.0,-,`module load imkl/2024.2.0`
OpenSSL,3,-,`module load OpenSSL/3`
VESTA,3.90.5-gtk3,-,`module load VESTA/3.90.5-gtk3`
Gaussian,16.C.03-AVX2,-,`module load Gaussian/16.C.03-AVX2`
binutils,2.40,-,`module load binutils/2.40`
binutils,2.42,-,`module load binutils/2.42`
intel-compilers,2025.1.1,intel/2025a,`module load intel-compilers/2025.1.1`
intel-compilers,2024.2.0,intel/2024a,`module load intel-compilers/2024.2.0`
tecplot,2024R1,-,`module load tecplot/2024R1`
VSCode,1.88.1,-,`module load VSCode/1.88.1`
Java,17.0.15,-,`module load Java/17.0.15`
Java,23.0.2,-,`module load Java/23.0.2`
Java,.modulerc,-,`module load Java/.modulerc`
gompi,2024a,-,`module load gompi/2024a`
gompi,2025a,-,`module load gompi/2025a`
ncurses,.6.5,-,`module load ncurses/.6.5`
gfbf,2024a,-,`module load gfbf/2024a`
gfbf,2025a,-,`module load gfbf/2025a`
p7zip,17.04,-,`module load p7zip/17.04`
libevent,2.1.12,-,`module load libevent/2.1.12`
ABAQUS,2024-hotfix-2405,-,`module load ABAQUS/2024-hotfix-2405`
GCC,14.2.0,foss/2025a,`module load GCC/14.2.0`
GCC,13.3.0,foss/2024a,`module load GCC/13.3.0`
rclone,1.68.1,-,`module load rclone/1.68.1`
tmux,3.5a,-,`module load tmux/3.5a`
iimpi,2024a,-,`module load iimpi/2024a`
iimpi,2025a,-,`module load iimpi/2025a`
MATLAB,2024a,-,`module load MATLAB/2024a`
MATLAB,2025a,-,`module load MATLAB/2025a`
Julia,1.11.6-linux-x86_64,-,`module load Julia/1.11.6-linux-x86_64`
Julia,1.9.3-linux-x86_64,-,`module load Julia/1.9.3-linux-x86_64`
ANSYS,2025R1,-,`module load ANSYS/2025R1`
ANSYS,2024R1,-,`module load ANSYS/2024R1`
GCCcore,14.2.0,-,`module load GCCcore/14.2.0`
GCCcore,13.3.0,-,`module load GCCcore/13.3.0`
Go,1.22.1,-,`module load Go/1.22.1`
Go,1.23.6,-,`module load Go/1.23.6`
pkgconf,1.8.0,-,`module load pkgconf/1.8.0`
HDF5,1.14.6,intel/2025a,`module load intel/2025a HDF5/1.14.6`
imkl-FFTW,2025.1.0,intel/2025a,`module load intel/2025a imkl-FFTW/2025.1.0`
VASP,6.5.0,intel/2025a,`module load intel/2025a VASP/6.5.0`
imkl-FFTW,2024.2.0,intel/2024a,`module load intel/2024a imkl-FFTW/2024.2.0`
GROMACS,2025.2-CUDA-12.8.0,foss/2025a,`module load foss/2025a GROMACS/2025.2-CUDA-12.8.0`
GROMACS,2025.2,foss/2025a,`module load foss/2025a GROMACS/2025.2`
CP2K,2025.2,foss/2025a,`module load foss/2025a CP2K/2025.2`
PLUMED,2.9.4,foss/2025a,`module load foss/2025a PLUMED/2.9.4`
MDAnalysis,2.9.0,foss/2025a,`module load foss/2025a MDAnalysis/2.9.0`
PnetCDF,1.14.0,foss/2025a,`module load foss/2025a PnetCDF/1.14.0`
petsc4py,3.23.5,foss/2025a,`module load foss/2025a petsc4py/3.23.5`
netCDF-Fortran,4.6.2,foss/2025a,`module load foss/2025a netCDF-Fortran/4.6.2`
Biopython,1.85,foss/2025a,`module load foss/2025a Biopython/1.85`
PyTables,3.10.2,foss/2025a,`module load foss/2025a PyTables/3.10.2`
SuiteSparse,7.10.3,foss/2025a,`module load foss/2025a SuiteSparse/7.10.3`
mpi4py,4.1.0,foss/2025a,`module load foss/2025a mpi4py/4.1.0`
netCDF,4.9.3,foss/2025a,`module load foss/2025a netCDF/4.9.3`
MUMPS,5.8.1-metis,foss/2025a,`module load foss/2025a MUMPS/5.8.1-metis`
RDKit,2025.03.4,foss/2025a,`module load foss/2025a RDKit/2025.03.4`
Chapel,2.5.0,foss/2025a,`module load foss/2025a Chapel/2.5.0`
SuperLU_DIST,9.1.0,foss/2025a,`module load foss/2025a SuperLU_DIST/9.1.0`
SCOTCH,7.0.8,foss/2025a,`module load foss/2025a SCOTCH/7.0.8`
HDF5,1.14.6,foss/2025a,`module load foss/2025a HDF5/1.14.6`
perm-md-count,main,foss/2025a,`module load foss/2025a perm-md-count/main`
ParMETIS,4.0.3,foss/2025a,`module load foss/2025a ParMETIS/4.0.3`
PETSc,3.23.5,foss/2025a,`module load foss/2025a PETSc/3.23.5`
SLEPc,3.23.2,foss/2025a,`module load foss/2025a SLEPc/3.23.2`
slepc4py,3.23.2,foss/2025a,`module load foss/2025a slepc4py/3.23.2`
netcdf4-python,1.7.2,foss/2025a,`module load foss/2025a netcdf4-python/1.7.2`
FFTW.MPI,3.3.10,foss/2025a,`module load foss/2025a FFTW.MPI/3.3.10`
AmberTools,25.2,foss/2025a,`module load foss/2025a AmberTools/25.2`
ScaLAPACK,2.2.2-fb,foss/2025a,`module load foss/2025a ScaLAPACK/2.2.2-fb`
Hypre,2.33.0,foss/2025a,`module load foss/2025a Hypre/2.33.0`
MDI,1.4.26,foss/2024a,`module load foss/2024a MDI/1.4.26`
GROMACS,2024.4-CUDA-12.6.0,foss/2024a,`module load foss/2024a GROMACS/2024.4-CUDA-12.6.0`
GROMACS,2024.4,foss/2024a,`module load foss/2024a GROMACS/2024.4`
OpenFOAM,v2406,foss/2024a,`module load foss/2024a OpenFOAM/v2406`
PLUMED,2.9.3,foss/2024a,`module load foss/2024a PLUMED/2.9.3`
PnetCDF,1.14.0,foss/2024a,`module load foss/2024a PnetCDF/1.14.0`
netCDF-Fortran,4.6.1,foss/2024a,`module load foss/2024a netCDF-Fortran/4.6.1`
LAMMPS,29Aug2024_update2-kokkos,foss/2024a,`module load foss/2024a LAMMPS/29Aug2024_update2-kokkos`
LAMMPS,29Aug2024_update2-kokkos-CUDA-12.6.0,foss/2024a,`module load foss/2024a LAMMPS/29Aug2024_update2-kokkos-CUDA-12.6.0`
LAMMPS,2Aug2023_update2-kokkos-CUDA-12.6.0,foss/2024a,`module load foss/2024a LAMMPS/2Aug2023_update2-kokkos-CUDA-12.6.0`
SuiteSparse,7.10.1,foss/2024a,`module load foss/2024a SuiteSparse/7.10.1`
mpi4py,4.0.1,foss/2024a,`module load foss/2024a mpi4py/4.0.1`
OVITO,3.12.3-basic,foss/2024a,`module load foss/2024a OVITO/3.12.3-basic`
netCDF,4.9.2,foss/2024a,`module load foss/2024a netCDF/4.9.2`
MUMPS,5.7.2-metis,foss/2024a,`module load foss/2024a MUMPS/5.7.2-metis`
ParaView,5.13.2,foss/2024a,`module load foss/2024a ParaView/5.13.2`
Chapel,2.4.0,foss/2024a,`module load foss/2024a Chapel/2.4.0`
SuperLU_DIST,9.1.0,foss/2024a,`module load foss/2024a SuperLU_DIST/9.1.0`
QuantumESPRESSO,7.4,foss/2024a,`module load foss/2024a QuantumESPRESSO/7.4`
HPL,2.3,foss/2024a,`module load foss/2024a HPL/2.3`
SCOTCH,7.0.6,foss/2024a,`module load foss/2024a SCOTCH/7.0.6`
HDF5,1.14.5,foss/2024a,`module load foss/2024a HDF5/1.14.5`
AFNI,25.1.01,foss/2024a,`module load foss/2024a AFNI/25.1.01`
VTK,9.3.1,foss/2024a,`module load foss/2024a VTK/9.3.1`
ParMETIS,4.0.3,foss/2024a,`module load foss/2024a ParMETIS/4.0.3`
PETSc,3.23.5,foss/2024a,`module load foss/2024a PETSc/3.23.5`
SLEPc,3.23.2,foss/2024a,`module load foss/2024a SLEPc/3.23.2`
KaHIP,3.18,foss/2024a,`module load foss/2024a KaHIP/3.18`
ORCA,6.0.1-avx2,foss/2024a,`module load foss/2024a ORCA/6.0.1-avx2`
ELPA,2024.05.001,foss/2024a,`module load foss/2024a ELPA/2024.05.001`
igraph,0.10.16,foss/2024a,`module load foss/2024a igraph/0.10.16`
Siesta,5.4.0,foss/2024a,`module load foss/2024a Siesta/5.4.0`
libGridXC,2.0.2,foss/2024a,`module load foss/2024a libGridXC/2.0.2`
FFTW.MPI,3.3.10,foss/2024a,`module load foss/2024a FFTW.MPI/3.3.10`
arpack-ng,3.9.1,foss/2024a,`module load foss/2024a arpack-ng/3.9.1`
ScaFaCoS,1.0.4,foss/2024a,`module load foss/2024a ScaFaCoS/1.0.4`
ScaLAPACK,2.2.0-fb,foss/2024a,`module load foss/2024a ScaLAPACK/2.2.0-fb`
Hypre,2.32.0,foss/2024a,`module load foss/2024a Hypre/2.32.0`
impi,2021.15.0,intel/2025a,`module load intel/2025a`
impi,2021.13.0,intel/2024a,`module load intel/2024a`
matplotlib,3.10.3,foss/2025a,`module load foss/2025a matplotlib/3.10.3`
R,4.4.2,foss/2025a,`module load foss/2025a R/4.4.2`
libxsmm,1.17,foss/2025a,`module load foss/2025a libxsmm/1.17`
AutoDock-GPU,1.6-CUDA-12.8.0,foss/2025a,`module load foss/2025a AutoDock-GPU/1.6-CUDA-12.8.0`
packmol,21.0.4,foss/2025a,`module load foss/2025a packmol/21.0.4`
Boost.Python-NumPy,1.88.0,foss/2025a,`module load foss/2025a Boost.Python-NumPy/1.88.0`
SciPy-bundle,2025.06,foss/2025a,`module load foss/2025a SciPy-bundle/2025.06`
Libint,2.11.1-lmax-6-cp2k,foss/2025a,`module load foss/2025a Libint/2.11.1-lmax-6-cp2k`
scikit-learn,1.7.0,foss/2025a,`module load foss/2025a scikit-learn/1.7.0`
AOCL-BLAS,5.0,foss/2025a,`module load foss/2025a AOCL-BLAS/5.0`
OpenMPI,5.0.7,foss/2025a,`module load foss/2025a`
OpenBLAS,0.3.29,foss/2025a,`module load foss/2025a OpenBLAS/0.3.29`
spglib-python,2.6.0,foss/2025a,`module load foss/2025a spglib-python/2.6.0`
GSL,2.8,foss/2025a,`module load foss/2025a GSL/2.8`
networkx,3.5,foss/2025a,`module load foss/2025a networkx/3.5`
pybind11,2.13.6,foss/2025a,`module load foss/2025a pybind11/2.13.6`
BLIS,1.1,foss/2025a,`module load foss/2025a BLIS/1.1`
mrcfile,1.5.4,foss/2025a,`module load foss/2025a mrcfile/1.5.4`
Arrow,18.0.0,foss/2025a,`module load foss/2025a Arrow/18.0.0`
Boost,1.88.0,foss/2025a,`module load foss/2025a Boost/1.88.0`
FFTW,3.3.10,foss/2025a,`module load foss/2025a FFTW/3.3.10`
FlexiBLAS,3.4.5,foss/2025a,`module load foss/2025a FlexiBLAS/3.4.5`
libxc,7.0.0,foss/2025a,`module load foss/2025a libxc/7.0.0`
ASE,3.26.0,foss/2025a,`module load foss/2025a ASE/3.26.0`
Seaborn,0.13.2,foss/2025a,`module load foss/2025a Seaborn/0.13.2`
matplotlib,3.9.2,foss/2024a,`module load foss/2024a matplotlib/3.9.2`
R,4.4.2,foss/2024a,`module load foss/2024a R/4.4.2`
kim-api,2.4.1,foss/2024a,`module load foss/2024a kim-api/2.4.1`
libxsmm,1.17,foss/2024a,`module load foss/2024a libxsmm/1.17`
libfdf,0.5.1,foss/2024a,`module load foss/2024a libfdf/0.5.1`
mctc-lib,0.3.1,foss/2024a,`module load foss/2024a mctc-lib/0.3.1`
astropy,7.0.0,foss/2024a,`module load foss/2024a astropy/7.0.0`
xmlf90,1.6.3,foss/2024a,`module load foss/2024a xmlf90/1.6.3`
Simple-DFTD3,1.2.1,foss/2024a,`module load foss/2024a Simple-DFTD3/1.2.1`
test-drive,0.5.0,foss/2024a,`module load foss/2024a test-drive/0.5.0`
libPSML,2.1.0,foss/2024a,`module load foss/2024a libPSML/2.1.0`
astropy-testing,7.0.0,foss/2024a,`module load foss/2024a astropy-testing/7.0.0`
mstore,0.3.0,foss/2024a,`module load foss/2024a mstore/0.3.0`
json-fortran,9.0.3,foss/2024a,`module load foss/2024a json-fortran/9.0.3`
pocl,6.0,foss/2024a,`module load foss/2024a pocl/6.0`
NTL,11.5.1,foss/2024a,`module load foss/2024a NTL/11.5.1`
TOML-Fortran,0.4.2,foss/2024a,`module load foss/2024a TOML-Fortran/0.4.2`
SciPy-bundle,2024.05,foss/2024a,`module load foss/2024a SciPy-bundle/2024.05`
Libint,2.9.0-lmax-6-cp2k,foss/2024a,`module load foss/2024a Libint/2.9.0-lmax-6-cp2k`
flook,0.8.4,foss/2024a,`module load foss/2024a flook/0.8.4`
OpenMPI,5.0.3,foss/2024a,`module load foss/2024a`
OpenBLAS,0.3.27,foss/2024a,`module load foss/2024a OpenBLAS/0.3.27`
GSL,2.8,foss/2024a,`module load foss/2024a GSL/2.8`
networkx,3.4.2,foss/2024a,`module load foss/2024a networkx/3.4.2`
pybind11,2.12.0,foss/2024a,`module load foss/2024a pybind11/2.12.0`
BLIS,1.0,foss/2024a,`module load foss/2024a BLIS/1.0`
Boost,1.85.0,foss/2024a,`module load foss/2024a Boost/1.85.0`
FFTW,3.3.10,foss/2024a,`module load foss/2024a FFTW/3.3.10`
FlexiBLAS,3.4.4,foss/2024a,`module load foss/2024a FlexiBLAS/3.4.4`
VirtualGL,3.1.1,foss/2024a,`module load foss/2024a VirtualGL/3.1.1`
libxc,6.2.2,foss/2024a,`module load foss/2024a libxc/6.2.2`
FLINT,3.1.2,foss/2024a,`module load foss/2024a FLINT/3.1.2`
nodejs,22.16.0,foss/2025a,`module load foss/2025a nodejs/22.16.0`
Rust,1.85.1,foss/2025a,`module load foss/2025a Rust/1.85.1`
zlib,.1.3.1,foss/2025a,`module load foss/2025a zlib/.1.3.1`
jbigkit,2.1,foss/2025a,`module load foss/2025a jbigkit/2.1`
Qt6,6.9.1,foss/2025a,`module load foss/2025a Qt6/6.9.1`
glslang,15.3.0,foss/2025a,`module load foss/2025a glslang/15.3.0`
lz4,1.10.0,foss/2025a,`module load foss/2025a lz4/1.10.0`
libarchive,3.7.7,foss/2025a,`module load foss/2025a libarchive/3.7.7`
virtualenv,20.29.2,foss/2025a,`module load foss/2025a virtualenv/20.29.2`
libidn2,2.3.7,foss/2025a,`module load foss/2025a libidn2/2.3.7`
Ninja,1.12.1,foss/2025a,`module load foss/2025a Ninja/1.12.1`
jupyter-server,2.16.0,foss/2025a,`module load foss/2025a jupyter-server/2.16.0`
Perl,5.40.0,foss/2025a,`module load foss/2025a Perl/5.40.0`
M4,1.4.19,foss/2025a,`module load foss/2025a M4/1.4.19`
GLib,2.85.1,foss/2025a,`module load foss/2025a GLib/2.85.1`
ICU,76.1,foss/2025a,`module load foss/2025a ICU/76.1`
giflib,5.2.2,foss/2025a,`module load foss/2025a giflib/5.2.2`
libsodium,1.0.20,foss/2025a,`module load foss/2025a libsodium/1.0.20`
groff,1.23.0,foss/2025a,`module load foss/2025a groff/1.23.0`
py-cpuinfo,9.0.0,foss/2025a,`module load foss/2025a py-cpuinfo/9.0.0`
Meson,1.6.1,foss/2025a,`module load foss/2025a Meson/1.6.1`
IPython,9.3.0,foss/2025a,`module load foss/2025a IPython/9.3.0`
Z3,4.13.4,foss/2025a,`module load foss/2025a Z3/4.13.4`
gettext,0.24,foss/2025a,`module load foss/2025a gettext/0.24`
JupyterNotebook,7.4.4,foss/2025a,`module load foss/2025a JupyterNotebook/7.4.4`
LittleCMS,2.17,foss/2025a,`module load foss/2025a LittleCMS/2.17`
scikit-build,0.18.1,foss/2025a,`module load foss/2025a scikit-build/0.18.1`
Szip,2.1.1,foss/2025a,`module load foss/2025a Szip/2.1.1`
libffi,3.4.5,foss/2025a,`module load foss/2025a libffi/3.4.5`
LZO,2.10,foss/2025a,`module load foss/2025a LZO/2.10`
Eigen,3.4.0,foss/2025a,`module load foss/2025a Eigen/3.4.0`
PyYAML,6.0.2,foss/2025a,`module load foss/2025a PyYAML/6.0.2`
GObject-Introspection,1.84.0,foss/2025a,`module load foss/2025a GObject-Introspection/1.84.0`
LAME,3.100,foss/2025a,`module load foss/2025a LAME/3.100`
snappy,1.2.2,foss/2025a,`module load foss/2025a snappy/1.2.2`
NSS,3.113,foss/2025a,`module load foss/2025a NSS/3.113`
expat,2.6.4,foss/2025a,`module load foss/2025a expat/2.6.4`
Abseil,20250512.1,foss/2025a,`module load foss/2025a Abseil/20250512.1`
jedi,0.19.1,foss/2025a,`module load foss/2025a jedi/0.19.1`
Autoconf,2.72,foss/2025a,`module load foss/2025a Autoconf/2.72`
hatchling,1.27.0,foss/2025a,`module load foss/2025a hatchling/1.27.0`
Xvfb,21.1.18,foss/2025a,`module load foss/2025a Xvfb/21.1.18`
Flask,3.1.1,foss/2025a,`module load foss/2025a Flask/3.1.1`
xxd,9.1.1457,foss/2025a,`module load foss/2025a xxd/9.1.1457`
flit,3.10.1,foss/2025a,`module load foss/2025a flit/3.10.1`
libunistring,1.3,foss/2025a,`module load foss/2025a libunistring/1.3`
utf8proc,2.9.0,foss/2025a,`module load foss/2025a utf8proc/2.9.0`
XZ,5.6.3,foss/2025a,`module load foss/2025a XZ/5.6.3`
cppy,1.3.1,foss/2025a,`module load foss/2025a cppy/1.3.1`
X11,20250521,foss/2025a,`module load foss/2025a X11/20250521`
Mesa,24.1.3,foss/2025a,`module load foss/2025a Mesa/24.1.3`
Mesa,25.1.3,foss/2025a,`module load foss/2025a Mesa/25.1.3`
GLPK,5.0,foss/2025a,`module load foss/2025a GLPK/5.0`
Bison,3.8.2,foss/2025a,`module load foss/2025a Bison/3.8.2`
setuptools-rust,1.11.0,foss/2025a,`module load foss/2025a setuptools-rust/1.11.0`
Autotools,20240712,foss/2025a,`module load foss/2025a Autotools/20240712`
ZeroMQ,4.3.5,foss/2025a,`module load foss/2025a ZeroMQ/4.3.5`
re2c,4.2,foss/2025a,`module load foss/2025a re2c/4.2`
Wayland,1.23.92,foss/2025a,`module load foss/2025a Wayland/1.23.92`
LibTIFF,4.7.0,foss/2025a,`module load foss/2025a LibTIFF/4.7.0`
gperf,3.3,foss/2025a,`module load foss/2025a gperf/3.3`
Tcl,8.6.16,foss/2025a,`module load foss/2025a Tcl/8.6.16`
patchelf,0.18.0,foss/2025a,`module load foss/2025a patchelf/0.18.0`
x265,4.1,foss/2025a,`module load foss/2025a x265/4.1`
libdrm,2.4.125,foss/2025a,`module load foss/2025a libdrm/2.4.125`
libheif,1.19.8,foss/2025a,`module load foss/2025a libheif/1.19.8`
Tkinter,3.13.1,foss/2025a,`module load foss/2025a Tkinter/3.13.1`
gzip,1.13,foss/2025a,`module load foss/2025a gzip/1.13`
Perl-bundle-CPAN,5.40.0,foss/2025a,`module load foss/2025a Perl-bundle-CPAN/5.40.0`
libxslt,1.1.42,foss/2025a,`module load foss/2025a libxslt/1.1.42`
SQLite,3.47.2,foss/2025a,`module load foss/2025a SQLite/3.47.2`
setuptools,80.9.0,foss/2025a,`module load foss/2025a setuptools/80.9.0`
cryptography,44.0.2,foss/2025a,`module load foss/2025a cryptography/44.0.2`
libreadline,8.2,foss/2025a,`module load foss/2025a libreadline/8.2`
numactl,2.0.19,foss/2025a,`module load foss/2025a numactl/2.0.19`
libvori,220621,foss/2025a,`module load foss/2025a libvori/220621`
intltool,0.51.0,foss/2025a,`module load foss/2025a intltool/0.51.0`
Blosc,1.21.6,foss/2025a,`module load foss/2025a Blosc/1.21.6`
DMTCP,4.0.0,foss/2025a,`module load foss/2025a DMTCP/4.0.0`
double-conversion,3.3.1,foss/2025a,`module load foss/2025a double-conversion/3.3.1`
libunwind,1.8.1,foss/2025a,`module load foss/2025a libunwind/1.8.1`
Python,3.13.1,foss/2025a,`module load foss/2025a Python/3.13.1`
help2man,1.49.3,foss/2025a,`module load foss/2025a help2man/1.49.3`
GDRCopy,2.4.4,foss/2025a,`module load foss/2025a GDRCopy/2.4.4`
JasPer,4.2.5,foss/2025a,`module load foss/2025a JasPer/4.2.5`
matlab-proxy,0.27.1,foss/2025a,`module load foss/2025a matlab-proxy/0.27.1`
RapidJSON,1.1.0-20250205,foss/2025a,`module load foss/2025a RapidJSON/1.1.0-20250205`
flex,2.6.4,foss/2025a,`module load foss/2025a flex/2.6.4`
FriBidi,1.0.16,foss/2025a,`module load foss/2025a FriBidi/1.0.16`
hatch-jupyter-builder,0.9.1,foss/2025a,`module load foss/2025a hatch-jupyter-builder/0.9.1`
UCC,1.3.0,foss/2025a,`module load foss/2025a UCC/1.3.0`
cURL,8.11.1,foss/2025a,`module load foss/2025a cURL/8.11.1`
util-linux,2.41,foss/2025a,`module load foss/2025a util-linux/2.41`
libfabric,2.0.0,foss/2025a,`module load foss/2025a libfabric/2.0.0`
tqdm,4.67.1,foss/2025a,`module load foss/2025a tqdm/4.67.1`
nettle,3.10.1,foss/2025a,`module load foss/2025a nettle/3.10.1`
libiconv,1.18,foss/2025a,`module load foss/2025a libiconv/1.18`
aiohttp,3.12.13,foss/2025a,`module load foss/2025a aiohttp/3.12.13`
MPFR,4.2.2,foss/2025a,`module load foss/2025a MPFR/4.2.2`
CMake,3.31.3,foss/2025a,`module load foss/2025a CMake/3.31.3`
fontconfig,2.16.2,foss/2025a,`module load foss/2025a fontconfig/2.16.2`
libgit2,1.9.1,foss/2025a,`module load foss/2025a libgit2/1.9.1`
Mako,1.3.10,foss/2025a,`module load foss/2025a Mako/1.3.10`
libglvnd,1.7.0,foss/2025a,`module load foss/2025a libglvnd/1.7.0`
SPIRV-tools,2025.2.rc2,foss/2025a,`module load foss/2025a SPIRV-tools/2025.2.rc2`
freetype,2.13.3,foss/2025a,`module load foss/2025a freetype/2.13.3`
lxml,5.3.0,foss/2025a,`module load foss/2025a lxml/5.3.0`
bzip2,1.0.8,foss/2025a,`module load foss/2025a bzip2/1.0.8`
fonttools,4.58.4,foss/2025a,`module load foss/2025a fonttools/4.58.4`
zstd,1.5.6,foss/2025a,`module load foss/2025a zstd/1.5.6`
cairo,1.18.4,foss/2025a,`module load foss/2025a cairo/1.18.4`
Automake,1.17,foss/2025a,`module load foss/2025a Automake/1.17`
libGLU,9.0.3,foss/2025a,`module load foss/2025a libGLU/9.0.3`
HarfBuzz,11.2.1,foss/2025a,`module load foss/2025a HarfBuzz/11.2.1`
Blosc2,2.19.0,foss/2025a,`module load foss/2025a Blosc2/2.19.0`
GMP,6.3.0,foss/2025a,`module load foss/2025a GMP/6.3.0`
BeautifulSoup,4.13.4,foss/2025a,`module load foss/2025a BeautifulSoup/4.13.4`
SDL2,2.32.8,foss/2025a,`module load foss/2025a SDL2/2.32.8`
psutil,7.0.0,foss/2025a,`module load foss/2025a psutil/7.0.0`
libtool,2.5.4,foss/2025a,`module load foss/2025a libtool/2.5.4`
assimp,6.0.2,foss/2025a,`module load foss/2025a assimp/6.0.2`
lit,18.1.8,foss/2025a,`module load foss/2025a lit/18.1.8`
LLVM,20.1.5,foss/2025a,`module load foss/2025a LLVM/20.1.5`
LLVM,20.1.8,foss/2025a,`module load foss/2025a LLVM/20.1.8`
PRRTE,3.0.8,foss/2025a,`module load foss/2025a PRRTE/3.0.8`
googlebenchmark,1.9.4,foss/2025a,`module load foss/2025a googlebenchmark/1.9.4`
libjpeg-turbo,3.1.0,foss/2025a,`module load foss/2025a libjpeg-turbo/3.1.0`
Gdk-Pixbuf,2.42.12,foss/2025a,`module load foss/2025a Gdk-Pixbuf/2.42.12`
NSPR,4.36,foss/2025a,`module load foss/2025a NSPR/4.36`
x264,20250619,foss/2025a,`module load foss/2025a x264/20250619`
DBus,1.16.2,foss/2025a,`module load foss/2025a DBus/1.16.2`
xorg-macros,1.20.2,foss/2025a,`module load foss/2025a xorg-macros/1.20.2`
cffi,1.17.1,foss/2025a,`module load foss/2025a cffi/1.17.1`
binutils,2.42,foss/2025a,`module load foss/2025a binutils/2.42`
spin,0.14,foss/2025a,`module load foss/2025a spin/0.14`
Brotli,1.1.0,foss/2025a,`module load foss/2025a Brotli/1.1.0`
PCRE2,10.45,foss/2025a,`module load foss/2025a PCRE2/10.45`
libpciaccess,0.18.1,foss/2025a,`module load foss/2025a libpciaccess/0.18.1`
FFmpeg,7.1.1,foss/2025a,`module load foss/2025a FFmpeg/7.1.1`
make,4.4.1,foss/2025a,`module load foss/2025a make/4.4.1`
Pillow,11.3.0,foss/2025a,`module load foss/2025a Pillow/11.3.0`
pixman,0.46.2,foss/2025a,`module load foss/2025a pixman/0.46.2`
googletest,1.17.0,foss/2025a,`module load foss/2025a googletest/1.17.0`
METIS,5.1.0,foss/2025a,`module load foss/2025a METIS/5.1.0`
UCX,1.18.0,foss/2025a,`module load foss/2025a UCX/1.18.0`
PMIx,5.0.6,foss/2025a,`module load foss/2025a PMIx/5.0.6`
ncurses,.6.5,foss/2025a,`module load foss/2025a ncurses/.6.5`
Cython,3.1.1,foss/2025a,`module load foss/2025a Cython/3.1.1`
libpng,1.6.48,foss/2025a,`module load foss/2025a libpng/1.6.48`
p7zip,17.05,foss/2025a,`module load foss/2025a p7zip/17.05`
libevent,2.1.12,foss/2025a,`module load foss/2025a libevent/2.1.12`
Yasm,1.3.0,foss/2025a,`module load foss/2025a Yasm/1.3.0`
Doxygen,1.14.0,foss/2025a,`module load foss/2025a Doxygen/1.14.0`
hwloc,2.11.2,foss/2025a,`module load foss/2025a hwloc/2.11.2`
libde265,1.0.16,foss/2025a,`module load foss/2025a libde265/1.0.16`
libxml2,2.13.4,foss/2025a,`module load foss/2025a libxml2/2.13.4`
NASM,2.16.03,foss/2025a,`module load foss/2025a NASM/2.16.03`
scikit-build-core,0.11.1,foss/2025a,`module load foss/2025a scikit-build-core/0.11.1`
git,2.49.0,foss/2025a,`module load foss/2025a git/2.49.0`
PyZMQ,27.0.0,foss/2025a,`module load foss/2025a PyZMQ/27.0.0`
UnZip,6.0,foss/2025a,`module load foss/2025a UnZip/6.0`
libpsl,0.21.5,foss/2025a,`module load foss/2025a libpsl/0.21.5`
tornado,6.5.1,foss/2025a,`module load foss/2025a tornado/6.5.1`
graphite2,1.3.14,foss/2025a,`module load foss/2025a graphite2/1.3.14`
poetry,2.1.2,foss/2025a,`module load foss/2025a poetry/2.1.2`
hypothesis,6.133.2,foss/2025a,`module load foss/2025a hypothesis/6.133.2`
NCCL,2.26.6-CUDA-12.8.0,foss/2025a,`module load foss/2025a NCCL/2.26.6-CUDA-12.8.0`
OpenJPEG,2.5.3,foss/2025a,`module load foss/2025a OpenJPEG/2.5.3`
Catch2,2.13.10,foss/2025a,`module load foss/2025a Catch2/2.13.10`
Catch2,3.8.1,foss/2025a,`module load foss/2025a Catch2/3.8.1`
RE2,2024-07-02,foss/2025a,`module load foss/2025a RE2/2024-07-02`
JupyterLab,4.4.4,foss/2025a,`module load foss/2025a JupyterLab/4.4.4`
maturin,1.8.3,foss/2025a,`module load foss/2025a maturin/1.8.3`
meson-python,0.18.0,foss/2025a,`module load foss/2025a meson-python/0.18.0`
UCX-CUDA,1.18.0-CUDA-12.8.0,foss/2025a,`module load foss/2025a UCX-CUDA/1.18.0-CUDA-12.8.0`
Qhull,2020.2,foss/2025a,`module load foss/2025a Qhull/2020.2`
Python-bundle-PyPI,2025.04,foss/2025a,`module load foss/2025a Python-bundle-PyPI/2025.04`
OpenPGM,5.2.122,foss/2025a,`module load foss/2025a OpenPGM/5.2.122`
libwebp,1.5.0,foss/2025a,`module load foss/2025a libwebp/1.5.0`
Tk,8.6.16,foss/2025a,`module load foss/2025a Tk/8.6.16`
libdeflate,1.24,foss/2025a,`module load foss/2025a libdeflate/1.24`
pkgconf,2.3.0,foss/2025a,`module load foss/2025a pkgconf/2.3.0`
libyaml,0.2.5,foss/2025a,`module load foss/2025a libyaml/0.2.5`
Gurobi,12.0.3,foss/2025a,`module load foss/2025a Gurobi/12.0.3`
nodejs,20.13.1,foss/2024a,`module load foss/2024a nodejs/20.13.1`
Rust,1.78.0,foss/2024a,`module load foss/2024a Rust/1.78.0`
zlib,.1.3.1,foss/2024a,`module load foss/2024a zlib/.1.3.1`
zlib,.1.2.13,foss/2024a,`module load foss/2024a zlib/.1.2.13`
jbigkit,2.1,foss/2024a,`module load foss/2024a jbigkit/2.1`
Qt6,6.7.2,foss/2024a,`module load foss/2024a Qt6/6.7.2`
libgd,2.3.3,foss/2024a,`module load foss/2024a libgd/2.3.3`
lz4,1.9.4,foss/2024a,`module load foss/2024a lz4/1.9.4`
motif,2.3.8,foss/2024a,`module load foss/2024a motif/2.3.8`
libarchive,3.7.4,foss/2024a,`module load foss/2024a libarchive/3.7.4`
virtualenv,20.26.2,foss/2024a,`module load foss/2024a virtualenv/20.26.2`
Ninja,1.12.1,foss/2024a,`module load foss/2024a Ninja/1.12.1`
Perl,5.38.2,foss/2024a,`module load foss/2024a Perl/5.38.2`
SIP,6.10.0,foss/2024a,`module load foss/2024a SIP/6.10.0`
M4,1.4.19,foss/2024a,`module load foss/2024a M4/1.4.19`
GLib,2.80.4,foss/2024a,`module load foss/2024a GLib/2.80.4`
ICU,75.1,foss/2024a,`module load foss/2024a ICU/75.1`
giflib,5.2.1,foss/2024a,`module load foss/2024a giflib/5.2.1`
groff,1.23.0,foss/2024a,`module load foss/2024a groff/1.23.0`
Meson,1.4.0,foss/2024a,`module load foss/2024a Meson/1.4.0`
Z3,4.13.0,foss/2024a,`module load foss/2024a Z3/4.13.0`
gettext,0.22.5,foss/2024a,`module load foss/2024a gettext/0.22.5`
LittleCMS,2.16,foss/2024a,`module load foss/2024a LittleCMS/2.16`
scikit-build,0.17.6,foss/2024a,`module load foss/2024a scikit-build/0.17.6`
Szip,2.1.1,foss/2024a,`module load foss/2024a Szip/2.1.1`
libffi,3.4.5,foss/2024a,`module load foss/2024a libffi/3.4.5`
PCRE,8.45,foss/2024a,`module load foss/2024a PCRE/8.45`
Eigen,3.4.0,foss/2024a,`module load foss/2024a Eigen/3.4.0`
PyYAML,6.0.2,foss/2024a,`module load foss/2024a PyYAML/6.0.2`
GObject-Introspection,1.80.1,foss/2024a,`module load foss/2024a GObject-Introspection/1.80.1`
LAME,3.100,foss/2024a,`module load foss/2024a LAME/3.100`
snappy,1.2.1,foss/2024a,`module load foss/2024a snappy/1.2.1`
NSS,3.104,foss/2024a,`module load foss/2024a NSS/3.104`
expat,2.6.2,foss/2024a,`module load foss/2024a expat/2.6.2`
Abseil,20240722.0,foss/2024a,`module load foss/2024a Abseil/20240722.0`
Autoconf,2.72,foss/2024a,`module load foss/2024a Autoconf/2.72`
hatchling,1.24.2,foss/2024a,`module load foss/2024a hatchling/1.24.2`
Xvfb,21.1.14,foss/2024a,`module load foss/2024a Xvfb/21.1.14`
xxd,9.1.1275,foss/2024a,`module load foss/2024a xxd/9.1.1275`
flit,3.9.0,foss/2024a,`module load foss/2024a flit/3.9.0`
XZ,5.4.5,foss/2024a,`module load foss/2024a XZ/5.4.5`
cppy,1.2.1,foss/2024a,`module load foss/2024a cppy/1.2.1`
X11,20240607,foss/2024a,`module load foss/2024a X11/20240607`
Mesa,24.1.3,foss/2024a,`module load foss/2024a Mesa/24.1.3`
GLPK,5.0,foss/2024a,`module load foss/2024a GLPK/5.0`
archspec,0.2.5,foss/2024a,`module load foss/2024a archspec/0.2.5`
Bison,3.8.2,foss/2024a,`module load foss/2024a Bison/3.8.2`
setuptools-rust,1.9.0,foss/2024a,`module load foss/2024a setuptools-rust/1.9.0`
Lua,5.4.7,foss/2024a,`module load foss/2024a Lua/5.4.7`
Autotools,20231222,foss/2024a,`module load foss/2024a Autotools/20231222`
re2c,3.1,foss/2024a,`module load foss/2024a re2c/3.1`
Wayland,1.23.0,foss/2024a,`module load foss/2024a Wayland/1.23.0`
LibTIFF,4.6.0,foss/2024a,`module load foss/2024a LibTIFF/4.6.0`
ruamel.yaml,0.18.6,foss/2024a,`module load foss/2024a ruamel.yaml/0.18.6`
gperf,3.1,foss/2024a,`module load foss/2024a gperf/3.1`
Tcl,8.6.14,foss/2024a,`module load foss/2024a Tcl/8.6.14`
patchelf,0.18.0,foss/2024a,`module load foss/2024a patchelf/0.18.0`
x265,3.6,foss/2024a,`module load foss/2024a x265/3.6`
libdrm,2.4.122,foss/2024a,`module load foss/2024a libdrm/2.4.122`
libheif,1.19.5,foss/2024a,`module load foss/2024a libheif/1.19.5`
Tkinter,3.12.3,foss/2024a,`module load foss/2024a Tkinter/3.12.3`
gzip,1.13,foss/2024a,`module load foss/2024a gzip/1.13`
Perl-bundle-CPAN,5.38.2,foss/2024a,`module load foss/2024a Perl-bundle-CPAN/5.38.2`
libxslt,1.1.42,foss/2024a,`module load foss/2024a libxslt/1.1.42`
SQLite,3.45.3,foss/2024a,`module load foss/2024a SQLite/3.45.3`
cryptography,42.0.8,foss/2024a,`module load foss/2024a cryptography/42.0.8`
libreadline,8.2,foss/2024a,`module load foss/2024a libreadline/8.2`
numactl,2.0.18,foss/2024a,`module load foss/2024a numactl/2.0.18`
libvori,220621,foss/2024a,`module load foss/2024a libvori/220621`
intltool,0.51.0,foss/2024a,`module load foss/2024a intltool/0.51.0`
CGAL,5.6.1,foss/2024a,`module load foss/2024a CGAL/5.6.1`
double-conversion,3.3.0,foss/2024a,`module load foss/2024a double-conversion/3.3.0`
libunwind,1.8.1,foss/2024a,`module load foss/2024a libunwind/1.8.1`
Python,3.12.3,foss/2024a,`module load foss/2024a Python/3.12.3`
help2man,1.49.3,foss/2024a,`module load foss/2024a help2man/1.49.3`
GDRCopy,2.4.1,foss/2024a,`module load foss/2024a GDRCopy/2.4.1`
JasPer,4.2.4,foss/2024a,`module load foss/2024a JasPer/4.2.4`
flex,2.6.4,foss/2024a,`module load foss/2024a flex/2.6.4`
FriBidi,1.0.15,foss/2024a,`module load foss/2024a FriBidi/1.0.15`
UCC,1.3.0,foss/2024a,`module load foss/2024a UCC/1.3.0`
cURL,8.7.1,foss/2024a,`module load foss/2024a cURL/8.7.1`
util-linux,2.40,foss/2024a,`module load foss/2024a util-linux/2.40`
coverage,7.9.2,foss/2024a,`module load foss/2024a coverage/7.9.2`
libfabric,1.21.0,foss/2024a,`module load foss/2024a libfabric/1.21.0`
nettle,3.10,foss/2024a,`module load foss/2024a nettle/3.10`
libiconv,1.17,foss/2024a,`module load foss/2024a libiconv/1.17`
MPFR,4.2.1,foss/2024a,`module load foss/2024a MPFR/4.2.1`
CMake,3.29.3,foss/2024a,`module load foss/2024a CMake/3.29.3`
fontconfig,2.15.0,foss/2024a,`module load foss/2024a fontconfig/2.15.0`
libogg,1.3.5,foss/2024a,`module load foss/2024a libogg/1.3.5`
libgit2,1.8.1,foss/2024a,`module load foss/2024a libgit2/1.8.1`
Mako,1.3.5,foss/2024a,`module load foss/2024a Mako/1.3.5`
pre-commit,3.7.0,foss/2024a,`module load foss/2024a pre-commit/3.7.0`
libglvnd,1.7.0,foss/2024a,`module load foss/2024a libglvnd/1.7.0`
Clang,18.1.8,foss/2024a,`module load foss/2024a Clang/18.1.8`
freetype,2.13.2,foss/2024a,`module load foss/2024a freetype/2.13.2`
freeglut,3.6.0,foss/2024a,`module load foss/2024a freeglut/3.6.0`
PyQt5,5.15.11,foss/2024a,`module load foss/2024a PyQt5/5.15.11`
ATK,2.38.0,foss/2024a,`module load foss/2024a ATK/2.38.0`
bzip2,1.0.8,foss/2024a,`module load foss/2024a bzip2/1.0.8`
fonttools,4.53.1,foss/2024a,`module load foss/2024a fonttools/4.53.1`
zstd,1.5.6,foss/2024a,`module load foss/2024a zstd/1.5.6`
cairo,1.18.0,foss/2024a,`module load foss/2024a cairo/1.18.0`
Automake,1.16.5,foss/2024a,`module load foss/2024a Automake/1.16.5`
libGLU,9.0.3,foss/2024a,`module load foss/2024a libGLU/9.0.3`
HarfBuzz,9.0.0,foss/2024a,`module load foss/2024a HarfBuzz/9.0.0`
GMP,6.3.0,foss/2024a,`module load foss/2024a GMP/6.3.0`
SDL2,2.30.6,foss/2024a,`module load foss/2024a SDL2/2.30.6`
psutil,6.0.0,foss/2024a,`module load foss/2024a psutil/6.0.0`
libtool,2.4.7,foss/2024a,`module load foss/2024a libtool/2.4.7`
assimp,5.4.3,foss/2024a,`module load foss/2024a assimp/5.4.3`
lit,18.1.8,foss/2024a,`module load foss/2024a lit/18.1.8`
LLVM,20.1.5,foss/2024a,`module load foss/2024a LLVM/20.1.5`
LLVM,18.1.8,foss/2024a,`module load foss/2024a LLVM/18.1.8`
PRRTE,3.0.5,foss/2024a,`module load foss/2024a PRRTE/3.0.5`
libjpeg-turbo,3.0.1,foss/2024a,`module load foss/2024a libjpeg-turbo/3.0.1`
Gdk-Pixbuf,2.42.11,foss/2024a,`module load foss/2024a Gdk-Pixbuf/2.42.11`
NSPR,4.35,foss/2024a,`module load foss/2024a NSPR/4.35`
PyQt-builder,1.18.1,foss/2024a,`module load foss/2024a PyQt-builder/1.18.1`
Voro++,0.4.6,foss/2024a,`module load foss/2024a Voro++/0.4.6`
x264,20240513,foss/2024a,`module load foss/2024a x264/20240513`
DBus,1.15.8,foss/2024a,`module load foss/2024a DBus/1.15.8`
FLAC,1.4.3,foss/2024a,`module load foss/2024a FLAC/1.4.3`
xorg-macros,1.20.1,foss/2024a,`module load foss/2024a xorg-macros/1.20.1`
cffi,1.16.0,foss/2024a,`module load foss/2024a cffi/1.16.0`
binutils,2.42,foss/2024a,`module load foss/2024a binutils/2.42`
Brotli,1.1.0,foss/2024a,`module load foss/2024a Brotli/1.1.0`
PCRE2,10.43,foss/2024a,`module load foss/2024a PCRE2/10.43`
tbb,2021.13.0,foss/2024a,`module load foss/2024a tbb/2021.13.0`
parallel,20240722,foss/2024a,`module load foss/2024a parallel/20240722`
libpciaccess,0.18.1,foss/2024a,`module load foss/2024a libpciaccess/0.18.1`
FFmpeg,7.0.2,foss/2024a,`module load foss/2024a FFmpeg/7.0.2`
libcerf,2.4,foss/2024a,`module load foss/2024a libcerf/2.4`
make,4.4.1,foss/2024a,`module load foss/2024a make/4.4.1`
Pillow,10.4.0,foss/2024a,`module load foss/2024a Pillow/10.4.0`
pixman,0.43.4,foss/2024a,`module load foss/2024a pixman/0.43.4`
METIS,5.1.0,foss/2024a,`module load foss/2024a METIS/5.1.0`
UCX,1.16.0,foss/2024a,`module load foss/2024a UCX/1.16.0`
PMIx,5.0.2,foss/2024a,`module load foss/2024a PMIx/5.0.2`
ncurses,.6.5,foss/2024a,`module load foss/2024a ncurses/.6.5`
Cython,3.0.10,foss/2024a,`module load foss/2024a Cython/3.0.10`
libpng,1.6.43,foss/2024a,`module load foss/2024a libpng/1.6.43`
Pango,1.54.0,foss/2024a,`module load foss/2024a Pango/1.54.0`
libevent,2.1.12,foss/2024a,`module load foss/2024a libevent/2.1.12`
Yasm,1.3.0,foss/2024a,`module load foss/2024a Yasm/1.3.0`
Doxygen,1.11.0,foss/2024a,`module load foss/2024a Doxygen/1.11.0`
gnuplot,6.0.1,foss/2024a,`module load foss/2024a gnuplot/6.0.1`
hwloc,2.10.0,foss/2024a,`module load foss/2024a hwloc/2.10.0`
libde265,1.0.15,foss/2024a,`module load foss/2024a libde265/1.0.15`
libxml2,2.12.7,foss/2024a,`module load foss/2024a libxml2/2.12.7`
NASM,2.16.03,foss/2024a,`module load foss/2024a NASM/2.16.03`
scikit-build-core,0.10.6,foss/2024a,`module load foss/2024a scikit-build-core/0.10.6`
git,2.45.1,foss/2024a,`module load foss/2024a git/2.45.1`
PLY,3.11,foss/2024a,`module load foss/2024a PLY/3.11`
UnZip,6.0,foss/2024a,`module load foss/2024a UnZip/6.0`
Qt5,5.15.16,foss/2024a,`module load foss/2024a Qt5/5.15.16`
graphite2,1.3.14,foss/2024a,`module load foss/2024a graphite2/1.3.14`
poetry,1.8.3,foss/2024a,`module load foss/2024a poetry/1.8.3`
hypothesis,6.103.1,foss/2024a,`module load foss/2024a hypothesis/6.103.1`
NCCL,2.22.3-CUDA-12.6.0,foss/2024a,`module load foss/2024a NCCL/2.22.3-CUDA-12.6.0`
OpenJPEG,2.5.2,foss/2024a,`module load foss/2024a OpenJPEG/2.5.2`
Catch2,2.13.10,foss/2024a,`module load foss/2024a Catch2/2.13.10`
tcsh,6.24.13,foss/2024a,`module load foss/2024a tcsh/6.24.13`
maturin,1.6.0,foss/2024a,`module load foss/2024a maturin/1.6.0`
meson-python,0.16.0,foss/2024a,`module load foss/2024a meson-python/0.16.0`
UCX-CUDA,1.16.0-CUDA-12.6.0,foss/2024a,`module load foss/2024a UCX-CUDA/1.16.0-CUDA-12.6.0`
Qhull,2020.2,foss/2024a,`module load foss/2024a Qhull/2020.2`
Python-bundle-PyPI,2024.06,foss/2024a,`module load foss/2024a Python-bundle-PyPI/2024.06`
libwebp,1.4.0,foss/2024a,`module load foss/2024a libwebp/1.4.0`
Tk,8.6.14,foss/2024a,`module load foss/2024a Tk/8.6.14`
libdeflate,1.20,foss/2024a,`module load foss/2024a libdeflate/1.20`
pkgconf,2.2.0,foss/2024a,`module load foss/2024a pkgconf/2.2.0`
libyaml,0.2.5,foss/2024a,`module load foss/2024a libyaml/0.2.5`
